Index,Height(Inches),Weights(Pounds)
1,64.3,137.67
2,63.33,147.35
3,71.92,152.57
4,63.59,143.15
5,63.49,129.03
6,63.89,146.19
7,59.57,136.03
8,63.72,155.45
9,61.01,142.47
10,62.59,172.4
11,67.23,166.1
12,69.32,164.31
13,65.22,150.56
14,65.46,167.99
15,66.89,147.08
16,64.92,160.17
17,66.79,137.63
18,69.67,152.78
19,66.68,177.72
20,66.7,143.68
21,66.1,139.97
22,73.12,169.65
23,64.6,153.08
24,66.94,156.58
25,64.37,152.55
26,66.12,163.43
27,67.26,167.63
28,62.12,167.13
29,64.25,149.65
30,64.35,144.76
31,71.46,170.86
32,67.91,152.34
33,66.83,164.4
34,60.31,139.48
35,63.75,135.97
36,63.98,146.04
37,62.36,145.61
38,70.97,166.18
39,64.81,149.89
40,68.11,141.61
41,66.11,136.94
42,68.37,158.86
43,61.99,141.3
44,67.7,137.35
45,66.26,153.46
46,68.47,161.14
47,63.95,132.26
48,65.23,150.03
49,62.64,145.69
50,63.96,145.41
51,65.34,158.33
52,67.65,150.75
53,69.57,157.65
54,66.55,147.27
55,64.3,147.65
56,64.71,152.42
57,63.15,150.9
58,59.52,132.75
59,68.6,150.98
60,63.58,145.76
61,64.45,150.24
62,62.35,155.87
63,67.0,160.84
64,65.28,149.08
65,64.93,142.49
66,61.33,141.56
67,67.91,161.01
68,64.99,143.56
69,68.08,171.75
70,72.34,165.62
71,66.95,167.18
72,68.49,154.51
73,66.72,149.94
74,69.52,171.39
75,65.42,119.73
76,71.19,171.82
77,67.97,167.11
78,63.91,139.67
79,59.48,126.08
80,64.21,162.73
81,61.97,132.01
82,68.14,178.99
83,68.55,160.46
84,59.44,159.76
85,63.78,155.18
86,67.15,166.83
87,68.42,161.22
88,66.03,143.84
89,67.1,149.21
90,69.38,158.52
91,65.86,151.41
92,66.6,139.44
93,68.41,162.65
94,70.44,159.5
95,65.83,141.39
96,65.25,161.82
97,65.75,141.6
98,71.56,144.71
99,65.02,136.75
100,74.54,153.08
101,58.43,132.4
102,69.92,158.38
103,68.81,147.37
104,62.68,154.86
105,64.42,141.39
106,64.38,155.03
107,64.21,145.13
108,69.37,155.34
109,66.43,148.09
110,62.82,147.84
111,63.0,157.88
112,65.67,160.49
113,63.9,149.64
114,69.11,167.45
115,60.93,141.93
116,65.69,133.51
117,57.35,118.87
118,65.15,140.4
119,63.57,116.51
120,64.8,165.18
121,66.12,144.51
122,69.63,159.02
123,58.9,131.42
124,60.89,136.64
125,70.34,161.91
126,61.95,126.24
127,65.3,146.7
128,67.74,152.85
129,63.32,144.47
130,66.09,158.68
131,64.52,159.79
132,66.68,167.94
133,65.59,171.36
134,65.95,151.51
135,65.43,145.56
136,64.82,144.04
137,68.83,164.24
138,65.23,145.81
139,66.95,170.28
140,66.96,132.01
141,68.39,174.14
142,64.91,144.27
143,67.45,162.43
144,72.42,167.58
145,64.01,153.75
146,63.17,150.13
147,70.46,156.39
148,62.93,167.13
149,66.79,154.54
150,64.53,150.31
151,71.34,170.38
152,64.4,162.63
153,67.84,148.35
154,66.22,137.21
155,63.54,154.69
156,61.66,134.1
157,64.24,146.12
158,64.24,131.41
159,63.74,154.83
160,70.78,158.46
161,65.91,145.69
162,63.78,129.38
163,69.33,159.22
164,62.8,147.03
165,67.42,163.85
166,68.35,148.79
167,66.87,137.88
168,66.66,155.48
169,63.47,126.91
170,63.72,148.17
171,63.6,144.73
172,66.91,144.87
173,66.62,174.68
174,68.38,160.57
175,66.4,147.57
176,65.05,147.82
177,68.39,142.44
178,63.82,156.58
179,72.85,177.34
180,65.6,162.81
181,65.4,157.99
182,65.07,160.07
183,66.18,141.47
184,59.18,124.62
185,63.37,134.79
186,67.29,154.62
187,63.91,144.88
188,64.07,141.52
189,65.76,129.5
190,65.07,145.2
191,68.58,151.75
192,63.45,130.24
193,70.85,171.72
194,64.96,137.71
195,62.98,146.27
196,63.29,141.38
197,63.35,165.13
198,64.22,143.76
199,71.92,152.85
200,63.51,147.73
201,64.44,133.9
202,63.86,141.4
203,64.47,130.22
204,61.6,143.26
205,74.6,173.82
206,69.46,169.25
207,62.19,148.55
208,62.71,139.31
209,66.87,149.88
210,68.35,159.55
211,69.88,165.9
212,63.62,128.22
213,72.57,166.44
214,65.58,151.97
215,67.69,154.05
216,61.27,148.12
217,63.6,139.82
218,67.26,150.21
219,62.81,144.92
220,66.11,148.7
221,69.28,177.35
222,66.62,170.91
223,65.58,159.59
224,65.98,147.17
225,64.14,138.43
226,68.59,153.6
227,64.64,145.94
228,73.31,153.86
229,64.39,150.31
230,62.1,177.86
231,69.59,146.36
232,66.6,136.33
233,65.09,123.94
234,65.1,160.39
235,62.61,158.28
236,63.93,155.5
237,69.48,161.67
238,63.05,133.69
239,64.58,151.77
240,65.03,165.69
241,62.28,141.43
242,66.3,151.49
243,68.98,152.52
244,69.32,173.58
245,69.43,156.85
246,63.84,141.65
247,64.75,143.37
248,63.03,156.53
249,61.55,146.32
250,63.82,151.06
251,67.91,162.71
252,67.84,173.39
253,69.29,159.66
254,64.94,151.25
255,67.13,165.47
256,65.51,163.76
257,67.05,152.75
258,66.08,166.09
259,64.16,147.91
260,65.61,140.54
261,64.89,157.09
262,74.46,145.65
263,65.69,140.55
264,67.04,151.18
265,67.18,165.46
266,67.67,145.38
267,64.11,137.2
268,66.14,145.44
269,61.58,140.89
270,59.95,141.76
271,60.49,146.75
272,60.5,143.68
273,60.09,134.76
274,72.71,180.25
275,62.81,125.15
276,63.92,131.15
277,65.57,148.66
278,63.06,150.42
279,62.19,128.74
280,61.37,142.49
281,62.01,145.67
282,63.83,138.04
283,70.32,155.43
284,66.03,161.67
285,66.62,160.09
286,67.56,168.58
287,66.35,162.38
288,68.68,163.91
289,63.87,162.12
290,62.98,157.53
291,71.03,176.23
292,65.91,156.39
293,65.49,151.51
294,65.85,150.68
295,65.06,150.54
296,64.79,152.02
297,71.82,175.18
298,67.84,150.79
299,69.56,168.53
300,66.3,161.95
301,67.3,152.52
302,70.1,160.97
303,67.88,160.62
304,65.81,152.55
305,70.27,122.97
306,64.46,129.51
307,65.97,162.59
308,68.24,161.78
309,71.69,171.54
310,61.72,138.28
311,72.83,164.74
312,59.4,154.67
313,69.45,162.54
314,66.88,148.61
315,62.44,161.82
316,68.0,158.54
317,64.9,145.34
318,71.81,164.61
319,62.01,132.39
320,67.61,163.86
321,65.94,167.12
322,60.6,123.69
323,63.61,134.3
324,61.2,133.07
325,67.28,174.55
326,63.15,133.56
327,63.1,151.99
328,64.02,138.06
329,63.82,117.72
330,70.41,160.12
331,67.12,159.1
332,70.19,153.17
333,69.25,150.46
334,62.13,136.41
335,64.56,157.78
336,64.83,154.22
337,65.71,168.73
338,65.42,125.01
339,65.38,148.33
340,68.92,146.84
341,63.28,154.36
342,66.28,153.44
343,69.98,164.69
344,62.88,149.05
345,63.3,148.85
346,65.14,148.37
347,65.75,150.22
348,69.36,157.21
349,70.6,164.94
350,63.58,143.7
351,68.42,150.56
352,62.56,146.92
353,65.33,156.07
354,65.11,141.27
355,66.62,146.5
356,67.5,143.38
357,65.63,160.81
358,66.17,138.04
359,66.0,167.38
360,64.31,137.53
361,63.37,132.94
362,64.92,144.8
363,64.84,160.02
364,68.47,154.3
365,61.32,118.39
366,70.18,167.84
367,64.53,129.25
368,69.85,161.02
369,64.5,144.71
370,68.62,147.6
371,66.24,161.11
372,64.67,150.1
373,68.12,144.29
374,67.75,143.04
375,67.73,169.22
376,71.67,167.1
377,62.89,146.23
378,66.12,151.84
379,70.68,170.97
380,73.36,175.26
381,70.56,154.83
382,62.89,158.72
383,66.6,158.39
384,62.82,128.8
385,67.34,162.72
386,69.84,165.38
387,67.44,145.0
388,66.33,156.66
389,61.51,153.48
390,65.01,134.43
391,67.16,171.16
392,68.6,153.56
393,68.35,176.82
394,64.85,145.35
395,67.05,161.42
396,62.14,124.01
397,68.32,160.84
398,65.29,144.18
399,60.46,139.57
400,67.31,157.33
401,65.78,139.26
402,68.65,152.89
403,65.23,145.07
404,66.44,138.08
405,70.67,144.08
406,64.8,139.54
407,67.74,145.28
408,68.71,171.75
409,67.21,136.25
410,65.13,141.94
411,62.72,151.61
412,65.67,143.47
413,65.63,161.04
414,65.28,132.62
415,69.69,169.47
416,60.86,143.98
417,67.46,164.7
418,68.49,167.83
419,69.54,173.61
420,61.75,121.3
421,67.04,126.99
422,69.92,165.12
423,64.09,154.5
424,65.23,141.06
425,68.9,164.39
426,66.25,142.85
427,69.01,162.0
428,70.79,159.81
429,61.39,136.45
430,63.05,139.7
431,63.19,151.13
432,65.89,164.1
433,58.86,137.34
434,63.75,122.58
435,62.71,145.93
436,69.24,129.49
437,63.39,144.51
438,66.36,155.48
439,68.01,154.39
440,65.89,143.48
441,63.69,123.26
442,70.16,169.6
443,70.42,153.99
444,61.92,142.48
445,68.54,147.11
446,65.01,140.7
447,66.02,162.94
448,64.7,154.91
449,65.0,162.07
450,68.74,142.53
451,63.69,145.67
452,66.7,163.45
453,64.24,154.74
454,64.18,136.68
455,61.48,133.51
456,64.57,147.08
457,66.23,148.73
458,66.96,149.63
459,74.09,183.54
460,63.49,137.56
461,63.82,142.21
462,64.99,144.04
463,61.49,150.78
464,61.11,142.11
465,64.48,153.58
466,66.08,153.66
467,64.81,146.49
468,60.81,147.48
469,68.09,166.46
470,68.14,168.9
471,71.23,150.19
472,68.47,163.49
473,67.34,152.68
474,65.33,141.46
475,63.71,150.61
476,68.06,154.79
477,71.35,185.32
478,62.16,136.18
479,62.78,153.9
480,67.77,156.01
481,65.18,143.52
482,64.34,121.47
483,66.71,138.43
484,69.69,158.82
485,62.16,142.12
486,72.07,149.25
487,65.44,153.39
488,66.53,154.75
489,64.27,149.68
490,62.78,159.24
491,69.21,157.04
492,63.53,144.01
493,62.16,133.37
494,66.9,174.78
495,62.78,144.58
496,63.79,155.08
497,72.29,180.79
498,64.56,114.0
499,65.85,138.44
500,69.13,162.31
501,66.39,156.36
502,72.01,176.35
503,67.04,171.3
504,64.01,139.39
505,71.48,151.77
506,65.67,156.18
507,63.95,133.02
508,64.64,154.02
509,67.98,164.6
510,68.32,147.64
511,62.48,146.07
512,60.72,131.07
513,65.68,147.72
514,64.63,160.49
515,66.47,165.15
516,65.83,160.14
517,68.29,137.0
518,65.86,130.87
519,68.71,134.97
520,61.92,117.39
521,71.44,170.55
522,65.13,143.85
523,72.02,163.4
524,66.71,151.81
525,65.65,150.47
526,62.48,135.16
527,67.83,156.29
528,67.06,164.77
529,60.33,132.36
530,61.69,140.19
531,59.01,135.21
532,64.75,150.7
533,59.73,130.26
534,65.21,129.09
535,63.91,155.89
536,65.4,159.32
537,68.91,169.46
538,70.86,191.09
539,63.97,142.31
540,62.86,143.3
541,63.54,141.36
542,64.73,156.42
543,66.87,172.01
544,65.61,168.78
545,64.9,147.82
546,62.55,138.67
547,67.51,152.93
548,64.38,170.88
549,67.8,165.57
550,68.73,162.56
551,65.48,148.35
552,66.1,146.7
553,63.84,143.69
554,66.05,153.53
555,63.57,144.69
556,67.18,149.14
557,61.45,139.84
558,66.33,141.91
559,69.19,153.01
560,63.73,137.39
561,70.24,168.91
562,66.27,149.9
563,63.73,151.44
564,71.95,167.31
565,62.32,136.69
566,67.19,154.69
567,62.24,149.48
568,68.4,147.14
569,62.25,116.7
570,68.76,145.86
571,64.95,134.48
572,62.76,124.33
573,64.64,140.17
574,64.42,148.03
575,65.63,161.39
576,65.06,157.22
577,63.67,142.66
578,65.85,153.96
579,68.13,128.9
580,60.23,123.9
581,69.92,139.67
582,69.21,153.88
583,62.28,124.52
584,71.4,166.68
585,69.3,158.29
586,62.16,157.23
587,69.09,159.63
588,63.25,140.03
589,67.4,149.92
590,65.03,149.61
591,65.39,158.44
592,63.52,150.47
593,60.06,120.77
594,62.47,144.78
595,63.46,139.7
596,66.64,142.57
597,64.18,159.13
598,60.93,142.04
599,66.97,163.28
600,62.44,143.42
601,64.37,166.12
602,68.71,150.6
603,65.42,145.65
604,68.28,122.53
605,67.47,147.39
606,68.27,168.07
607,60.29,139.79
608,65.92,159.78
609,63.5,143.35
610,63.63,143.1
611,64.21,160.75
612,62.55,133.79
613,66.17,149.19
614,63.9,152.18
615,64.13,146.83
616,64.31,134.6
617,68.28,143.03
618,69.48,137.41
619,65.38,145.13
620,65.65,135.47
621,70.61,141.84
622,66.11,159.11
623,68.61,168.41
624,66.12,148.16
625,70.62,184.17
626,65.98,146.33
627,66.09,150.94
628,69.05,155.99
629,64.15,134.55
630,65.12,147.44
631,64.74,132.6
632,71.23,158.31
633,65.78,150.25
634,64.5,165.34
635,69.66,158.19
636,67.92,157.33
637,62.75,137.13
638,67.71,147.61
639,70.04,159.32
640,66.14,165.73
641,67.14,161.89
642,59.62,121.71
643,64.12,145.1
644,64.69,150.71
645,68.99,151.94
646,64.88,149.36
647,67.57,162.21
648,71.75,169.57
649,68.85,148.36
650,65.07,155.27
651,68.91,151.01
652,64.14,150.31
653,64.21,155.19
654,65.55,149.85
655,63.43,152.09
656,71.57,177.97
657,64.34,154.87
658,63.72,155.95
659,63.46,143.0
660,66.88,165.35
661,68.11,164.19
662,63.63,155.17
663,63.08,133.21
664,67.5,168.28
665,65.42,160.72
666,67.77,172.16
667,65.03,147.07
668,68.38,146.96
669,66.02,152.48
670,64.54,154.93
671,69.58,158.65
672,68.03,156.88
673,69.65,164.21
674,63.84,159.62
675,65.33,165.52
676,66.47,144.96
677,69.48,159.6
678,69.13,163.94
679,68.1,167.72
680,70.08,167.37
681,65.14,161.11
682,71.35,163.76
683,68.97,150.84
684,61.24,129.32
685,66.83,166.43
686,61.57,146.21
687,62.97,150.5
688,67.33,138.98
689,62.72,160.0
690,61.57,132.24
691,62.68,126.47
692,66.26,140.25
693,60.18,139.57
694,64.85,154.3
695,69.53,171.88
696,68.36,157.68
697,64.29,150.66
698,68.71,160.87
699,62.3,131.0
700,66.32,148.42
701,65.21,149.5
702,63.15,142.08
703,70.29,167.9
704,71.07,168.19
705,68.15,154.11
706,58.61,151.26
707,72.89,156.77
708,63.91,167.71
709,64.49,148.43
710,71.96,169.81
711,63.46,154.68
712,62.72,156.07
713,69.2,166.85
714,66.77,142.47
715,64.15,147.09
716,62.17,141.61
717,63.03,144.08
718,63.46,162.57
719,66.75,159.35
720,69.64,164.43
721,69.77,155.41
722,63.33,154.43
723,66.39,161.11
724,66.54,166.71
725,67.39,160.61
726,66.98,135.97
727,66.77,156.72
728,65.23,123.16
729,61.03,152.9
730,66.58,163.02
731,60.17,140.2
732,67.32,152.38
733,69.14,160.76
734,66.2,146.26
735,69.9,150.8
736,69.58,144.31
737,69.37,162.6
738,63.41,147.65
739,66.14,159.43
740,65.73,156.55
741,67.43,149.07
742,60.04,133.99
743,64.27,128.21
744,67.36,157.1
745,63.3,146.39
746,61.47,142.81
747,65.25,161.45
748,62.99,124.29
749,68.62,158.96
750,60.66,145.64
751,60.39,132.01
752,63.65,139.35
753,62.1,144.31
754,60.29,122.36
755,61.17,146.8
756,71.25,148.51
757,65.53,150.82
758,61.56,166.58
759,65.6,145.54
760,66.05,156.26
761,62.32,142.76
762,67.71,160.43
763,64.14,155.28
764,62.32,139.69
765,63.42,155.1
766,64.67,163.79
767,71.01,172.5
768,72.31,170.39
769,68.48,163.27
770,66.19,159.46
771,67.32,144.64
772,66.09,142.44
773,68.21,165.62
774,61.48,136.32
775,63.09,143.38
776,62.03,140.8
777,63.73,156.27
778,70.17,170.07
779,62.38,147.79
780,65.43,162.9
781,70.17,160.35
782,64.31,155.79
783,68.11,153.74
784,66.62,158.97
785,64.51,139.78
786,65.36,139.94
787,64.52,147.11
788,67.44,147.04
789,61.31,142.61
790,68.26,154.13
791,64.14,153.18
792,63.71,148.76
793,63.09,159.37
794,64.67,139.24
795,62.41,150.81
796,60.18,123.67
797,62.02,141.12
798,71.11,152.56
799,69.78,166.41
800,65.31,139.36
801,63.37,139.57
802,71.16,182.66
803,65.87,142.81
804,67.4,141.05
805,67.15,146.79
806,69.53,178.72
807,66.82,163.26
808,69.43,174.61
809,73.8,186.71
810,72.31,194.64
811,67.03,159.6
812,63.11,149.29
813,61.87,154.61
814,64.73,161.6
815,70.64,154.9
816,68.0,175.74
817,66.04,150.09
818,62.88,149.37
819,69.32,154.16
820,64.52,150.5
821,64.13,147.65
822,69.71,143.85
823,68.09,154.21
824,62.77,160.73
825,65.76,150.84
826,62.07,152.92
827,62.21,166.03
828,68.88,150.07
829,63.9,133.85
830,74.24,159.72
831,68.37,172.94
832,66.8,137.33
833,65.66,162.37
834,66.32,134.14
835,67.22,153.19
836,58.13,115.33
837,69.33,165.56
838,68.89,156.49
839,71.0,151.91
840,65.78,152.64
841,67.71,156.03
842,69.02,164.18
843,64.96,154.62
844,61.5,152.5
845,68.6,139.79
846,67.15,175.43
847,67.92,148.76
848,64.13,135.0
849,63.35,166.5
850,69.12,146.3
851,66.25,154.4
852,69.93,152.27
853,71.58,153.41
854,64.52,161.52
855,69.26,147.34
856,66.4,140.97
857,57.84,129.39
858,64.91,133.42
859,64.05,164.67
860,69.25,164.9
861,66.66,157.93
862,63.34,145.1
863,66.49,144.91
864,65.97,134.11
865,65.72,138.12
866,60.86,156.22
867,66.11,175.13
868,67.13,155.83
869,63.51,146.79
870,71.15,152.08
871,60.52,138.39
872,67.1,165.64
873,69.65,140.33
874,71.78,173.71
875,68.11,147.93
876,67.72,154.77
877,64.87,139.7
878,64.31,147.29
879,66.85,158.0
880,63.22,143.34
881,67.07,164.72
882,64.43,146.49
883,60.8,136.0
884,69.55,160.07
885,64.63,147.49
886,60.03,135.99
887,55.0,137.05
888,66.7,144.3
889,66.59,145.28
890,66.64,144.97
891,61.15,142.9
892,60.68,136.47
893,65.0,156.07
894,63.66,142.67
895,69.45,147.47
896,64.07,164.41
897,67.75,152.28
898,69.23,147.02
899,73.23,168.23
900,67.45,163.98
901,65.32,147.21
902,63.34,126.22
903,64.65,136.31
904,64.03,154.86
905,63.72,127.45
906,66.96,161.65
907,69.1,153.36
908,64.84,147.09
909,69.11,190.7
910,68.64,161.39
911,65.39,163.12
912,62.61,145.28
913,65.27,139.82
914,72.65,151.54
915,64.05,143.17
916,59.59,121.18
917,69.36,168.74
918,64.74,134.11
919,64.31,131.61
920,68.63,174.78
921,62.77,130.46
922,69.3,167.28
923,68.36,135.27
924,63.34,167.3
925,68.42,153.21
926,63.76,151.16
927,69.78,157.94
928,70.17,161.41
929,70.01,148.73
930,65.59,153.16
931,70.18,165.94
932,64.83,156.62
933,65.47,125.88
934,65.01,145.99
935,66.57,164.78
936,62.66,150.64
937,67.84,144.75
938,60.59,126.5
939,63.8,136.48
940,66.79,136.57
941,70.2,169.04
942,67.98,141.08
943,69.49,152.05
944,61.28,156.81
945,65.69,145.85
946,64.52,136.73
947,69.74,146.34
948,67.64,132.75
949,63.63,140.57
950,59.06,145.57
951,59.46,155.99
952,62.18,138.5
953,65.2,133.14
954,71.18,156.77
955,70.43,152.61
956,58.52,131.3
957,70.28,171.4
958,63.48,156.4
959,67.02,143.57
960,69.6,159.13
961,62.98,162.4
962,65.06,140.33
963,67.53,158.26
964,67.64,166.24
965,68.16,180.9
966,65.84,169.34
967,67.44,143.97
968,66.87,156.11
969,67.34,137.12
970,64.45,156.3
971,61.36,146.63
972,62.75,151.18
973,55.13,133.13
974,65.37,142.69
975,66.84,169.53
976,69.97,158.56
977,68.12,155.54
978,70.4,176.81
979,67.14,142.18
980,67.86,153.5
981,67.16,138.15
982,58.33,137.73
983,66.56,167.53
984,63.15,137.05
985,65.19,144.1
986,66.27,144.54
987,60.89,135.69
988,65.09,145.97
989,70.91,149.12
990,68.99,138.91
991,60.52,134.46
992,70.7,158.2
993,62.77,144.67
994,67.85,145.91
995,67.2,156.72
996,63.15,129.87
997,65.94,144.76
998,67.18,154.65
999,64.51,153.95
1000,66.49,140.14
1001,69.79,157.91
1002,67.21,147.98
1003,71.11,161.09
1004,67.77,159.07
1005,65.05,153.46
1006,65.26,130.22
1007,62.0,146.57
1008,60.84,137.37
1009,64.31,153.49
1010,61.71,144.46
1011,66.91,151.68
1012,67.17,157.96
1013,68.25,150.19
1014,66.05,152.64
1015,63.29,146.95
1016,64.14,140.76
1017,66.01,147.09
1018,61.62,130.92
1019,64.02,134.57
1020,61.37,149.7
1021,67.2,148.14
1022,58.79,134.92
1023,67.06,142.78
1024,71.38,147.76
1025,68.01,162.71
1026,70.2,160.66
1027,65.34,133.81
1028,62.21,146.87
1029,65.68,148.59
1030,66.39,139.24
1031,63.97,146.08
1032,69.17,173.0
1033,63.27,147.35
1034,58.4,123.36
1035,67.18,152.95
1036,62.43,130.43
1037,65.18,151.11
1038,66.55,142.1
1039,64.4,146.63
1040,63.04,142.61
1041,67.21,146.18
1042,62.43,165.11
1043,68.28,151.19
1044,65.29,146.21
1045,68.25,170.81
1046,67.3,160.97
1047,63.05,140.27
1048,62.45,160.76
1049,65.59,162.85
1050,68.03,155.17
1051,73.12,167.64
1052,65.9,131.37
1053,65.11,154.44
1054,68.04,145.73
1055,66.74,160.21
1056,65.04,151.63
1057,69.36,167.04
1058,65.84,153.55
1059,69.08,165.03
1060,62.52,150.05
1061,64.08,144.6
1062,67.03,160.81
1063,69.29,149.86
1064,66.13,166.95
1065,67.46,163.39
1066,68.93,156.73
1067,62.55,148.23
1068,63.67,132.0
1069,64.42,128.92
1070,72.97,165.74
1071,62.09,146.56
1072,58.95,152.2
1073,66.37,158.91
1074,63.84,149.99
1075,63.41,148.05
1076,63.37,116.27
1077,64.28,160.9
1078,67.01,149.77
1079,65.88,152.3
1080,66.44,160.99
1081,70.73,149.81
1082,64.05,148.28
1083,68.11,157.39
1084,73.95,151.55
1085,66.75,163.89
1086,65.73,133.55
1087,60.39,136.83
1088,69.6,155.5
1089,66.3,158.61
1090,61.19,135.82
1091,63.58,140.89
1092,62.63,147.95
1093,65.72,135.92
1094,68.26,145.09
1095,69.43,185.27
1096,67.01,167.53
1097,67.65,161.72
1098,68.89,149.46
1099,63.9,147.62
1100,64.19,150.19
1101,67.61,144.88
1102,62.93,153.67
1103,69.01,174.49
1104,72.97,158.62
1105,62.97,150.47
1106,68.24,154.31
1107,68.26,154.93
1108,66.36,138.83
1109,64.1,138.63
1110,65.69,161.33
1111,68.14,157.5
1112,65.56,140.97
1113,66.07,149.91
1114,68.61,146.81
1115,66.39,127.19
1116,67.05,151.55
1117,65.61,167.24
1118,70.64,162.28
1119,67.32,151.47
1120,64.15,153.84
1121,66.15,155.98
1122,64.55,136.82
1123,62.48,151.31
1124,65.01,129.26
1125,69.92,155.43
1126,66.99,145.51
1127,70.34,177.18
1128,67.18,153.6
1129,63.81,158.56
1130,65.59,156.85
1131,66.01,158.34
1132,66.59,169.92
1133,69.49,139.68
1134,65.33,153.09
1135,64.58,144.16
1136,69.86,161.48
1137,68.64,153.44
1138,69.32,153.19
1139,70.86,175.39
1140,66.4,143.42
1141,63.74,157.91
1142,64.35,165.21
1143,66.28,167.61
1144,59.39,135.31
1145,67.13,167.58
1146,61.85,135.11
1147,66.69,156.48
1148,70.58,180.48
1149,65.36,154.06
1150,69.06,167.84
1151,60.89,145.49
1152,65.04,144.37
1153,70.23,161.5
1154,66.56,163.01
1155,69.17,151.72
1156,66.06,154.54
1157,70.98,167.29
1158,64.33,149.87
1159,65.23,158.91
1160,69.01,165.31
1161,68.19,154.55
1162,61.1,139.35
1163,69.18,170.43
1164,70.52,141.5
1165,67.07,151.25
1166,62.12,148.37
1167,64.73,158.48
1168,64.93,162.83
1169,68.3,147.99
1170,63.78,146.81
1171,70.76,154.34
1172,69.45,164.97
1173,66.17,137.43
1174,67.76,154.64
1175,63.5,142.33
1176,69.03,138.79
1177,64.64,143.4
1178,63.44,158.21
1179,59.46,144.46
1180,65.01,155.39
1181,66.8,143.52
1182,69.09,172.01
1183,69.18,169.51
1184,68.02,153.0
1185,66.83,151.14
1186,70.11,163.47
1187,62.75,162.66
1188,62.17,142.41
1189,61.42,149.81
1190,64.35,145.17
1191,65.54,151.11
1192,64.2,145.25
1193,69.95,143.25
1194,64.88,155.03
1195,69.0,150.94
1196,67.16,163.16
1197,68.3,165.09
1198,62.36,141.26
1199,61.82,134.54
1200,68.87,149.8
1201,66.68,157.28
1202,61.71,151.76
1203,64.52,146.37
1204,67.07,167.92
1205,61.73,153.92
1206,61.3,140.67
1207,64.67,147.86
1208,67.93,133.78
1209,63.72,161.83
1210,69.47,149.52
1211,60.39,136.91
1212,66.19,161.05
1213,70.57,165.32
1214,66.18,157.69
1215,65.18,153.16
1216,65.85,134.48
1217,67.77,159.02
1218,70.46,162.44
1219,68.88,168.73
1220,64.08,165.96
1221,65.66,143.48
1222,65.05,145.08
1223,67.7,142.86
1224,67.58,165.23
1225,66.43,146.51
1226,65.76,155.36
1227,67.06,172.26
1228,65.09,151.95
1229,63.83,139.32
1230,68.9,158.4
1231,66.26,143.29
1232,69.05,158.85
1233,67.74,162.62
1234,65.97,157.91
1235,69.56,153.46
1236,65.99,157.33
1237,63.9,158.3
1238,64.76,144.09
1239,65.83,147.19
1240,65.77,148.19
1241,66.16,163.37
1242,63.19,140.77
1243,71.09,157.2
1244,63.38,158.0
1245,65.62,150.11
1246,66.52,155.81
1247,69.06,168.75
1248,67.13,168.51
1249,68.19,138.7
1250,59.35,152.4
1251,63.42,157.88
1252,68.99,157.05
1253,60.39,122.72
1254,57.43,140.51
1255,69.41,165.08
1256,65.9,155.9
1257,64.24,142.5
1258,61.94,152.6
1259,63.65,141.22
1260,66.68,153.84
1261,72.85,173.19
1262,63.74,141.79
1263,63.65,137.33
1264,64.12,149.86
1265,62.46,150.32
1266,70.19,168.95
1267,65.01,151.47
1268,60.4,133.68
1269,66.4,135.58
1270,64.32,139.63
1271,62.13,128.57
1272,63.09,130.32
1273,61.43,142.19
1274,66.09,150.48
1275,64.87,168.45
1276,70.72,149.45
1277,63.57,128.62
1278,62.47,134.41
1279,66.41,148.88
1280,65.1,155.16
1281,63.46,130.55
1282,70.31,154.43
1283,61.12,122.54
1284,66.31,142.76
1285,64.44,161.06
1286,65.59,154.77
1287,63.81,148.79
1288,65.78,154.77
1289,65.69,146.86
1290,65.8,164.59
1291,69.05,154.06
1292,66.75,134.34
1293,66.77,140.85
1294,63.0,142.03
1295,66.36,141.15
1296,63.24,152.8
1297,66.06,173.81
1298,65.63,160.75
1299,69.1,162.67
1300,65.21,145.87
1301,63.91,139.29
1302,63.23,140.55
1303,65.72,153.51
1304,65.38,164.14
1305,66.34,146.15
1306,67.63,167.06
1307,64.14,133.25
1308,63.98,146.15
1309,64.85,156.45
1310,66.33,146.77
1311,63.31,161.99
1312,72.54,155.66
1313,67.03,170.52
1314,69.61,173.46
1315,65.58,150.01
1316,66.12,149.45
1317,67.44,156.2
1318,60.96,149.87
1319,69.62,142.99
1320,62.14,144.74
1321,65.11,150.7
1322,65.67,143.28
1323,65.81,138.2
1324,66.63,150.24
1325,62.27,148.13
1326,69.9,162.93
1327,64.0,139.84
1328,63.83,153.48
1329,70.34,161.39
1330,66.52,137.28
1331,68.35,172.57
1332,66.91,165.82
1333,65.22,163.64
1334,63.35,151.5
1335,68.25,169.06
1336,66.46,145.02
1337,65.8,165.15
1338,67.8,142.82
1339,66.51,163.71
1340,67.52,146.29
1341,64.74,153.81
1342,72.0,171.97
1343,66.37,168.81
1344,68.08,146.93
1345,65.67,139.64
1346,66.07,152.72
1347,63.43,135.84
1348,62.01,141.05
1349,66.6,142.74
1350,65.9,136.17
1351,65.93,135.2
1352,64.34,149.92
1353,63.1,142.69
1354,64.99,151.07
1355,68.45,157.81
1356,62.64,157.68
1357,67.14,153.95
1358,63.08,146.36
1359,64.68,142.82
1360,60.85,139.77
1361,68.27,159.23
1362,64.66,142.61
1363,65.93,145.15
1364,66.85,142.86
1365,62.77,135.43
1366,62.99,147.22
1367,65.83,139.61
1368,69.52,145.83
1369,72.6,167.87
1370,66.11,147.28
1371,68.35,164.81
1372,60.54,152.43
1373,65.08,148.18
1374,67.28,150.44
1375,64.02,151.06
1376,64.49,153.44
1377,67.37,142.8
1378,66.88,169.28
1379,64.14,151.67
1380,66.78,154.39
1381,66.34,148.69
1382,66.01,150.71
1383,66.19,171.74
1384,66.47,156.23
1385,66.5,162.37
1386,65.6,157.26
1387,64.55,146.45
1388,65.69,156.99
1389,65.33,162.94
1390,63.95,137.2
1391,69.56,142.68
1392,60.94,140.48
1393,66.47,143.23
1394,65.44,144.32
1395,68.31,156.03
1396,64.66,137.74
1397,72.47,154.25
1398,65.32,155.54
1399,68.09,167.29
1400,63.54,125.58
1401,63.66,157.4
1402,69.96,157.25
1403,63.83,138.22
1404,66.79,139.84
1405,68.96,150.52
1406,66.11,147.46
1407,64.81,147.45
1408,70.13,172.19
1409,69.98,159.18
1410,65.98,155.28
1411,67.68,139.26
1412,63.32,144.17
1413,65.78,151.17
1414,68.13,170.47
1415,65.02,149.31
1416,70.75,161.31
1417,60.41,122.29
1418,68.72,148.23
1419,65.43,140.58
1420,62.91,140.26
1421,72.41,157.34
1422,64.36,141.29
1423,60.64,153.66
1424,65.27,165.55
1425,65.18,160.79
1426,62.43,144.51
1427,66.0,147.55
1428,70.49,150.78
1429,66.1,134.98
1430,65.55,145.86
1431,60.53,130.79
1432,64.28,151.21
1433,62.09,141.59
1434,65.29,147.15
1435,65.71,144.77
1436,61.47,146.53
1437,69.29,161.29
1438,69.9,175.49
1439,62.04,153.93
1440,67.03,152.03
1441,66.37,175.37
1442,66.62,138.67
1443,63.89,157.75
1444,61.7,138.91
1445,68.24,167.22
1446,62.91,149.27
1447,72.58,151.61
1448,66.23,160.64
1449,66.69,151.84
1450,66.67,139.35
1451,65.92,134.42
1452,66.75,156.3
1453,69.1,143.87
1454,67.66,139.62
1455,67.66,149.97
1456,67.47,166.47
1457,66.8,146.02
1458,70.89,169.39
1459,70.8,161.09
1460,64.54,155.26
1461,67.54,149.72
1462,67.05,151.95
1463,69.98,166.68
1464,66.19,145.62
1465,62.63,159.64
1466,68.72,151.49
1467,67.78,173.9
1468,67.88,168.54
1469,65.04,146.71
1470,60.82,156.36
1471,73.01,173.01
1472,67.57,141.16
1473,66.78,155.18
1474,66.79,174.43
1475,67.47,153.09
1476,71.38,173.58
1477,64.1,136.67
1478,64.9,145.68
1479,61.81,156.8
1480,66.88,174.54
1481,69.67,132.47
1482,72.84,163.41
1483,64.06,148.25
1484,67.86,146.71
1485,68.91,140.75
1486,64.69,164.2
1487,71.84,160.49
1488,65.9,151.01
1489,61.6,134.45
1490,65.66,169.26
1491,65.79,138.41
1492,63.1,160.2
1493,72.71,176.74
1494,63.98,145.27
1495,64.42,141.08
1496,65.91,177.48
1497,62.67,125.06
1498,64.78,142.37
1499,67.22,149.63
1500,71.21,165.79
1501,67.89,147.9
1502,70.35,156.68
1503,63.31,151.8
1504,61.76,134.22
1505,69.97,157.72
1506,62.3,153.36
1507,64.9,135.07
1508,63.61,152.85
1509,65.25,133.32
1510,73.47,174.12
1511,65.54,155.78
1512,72.6,169.97
1513,66.5,152.88
1514,67.5,165.11
1515,64.12,143.68
1516,65.47,157.1
1517,59.99,124.79
1518,68.8,172.95
1519,64.47,161.62
1520,64.56,145.64
1521,66.1,162.88
1522,63.64,144.81
1523,67.71,163.84
1524,63.72,169.14
1525,61.48,141.31
1526,70.8,167.22
1527,63.95,152.63
1528,62.21,136.09
1529,60.28,137.94
1530,64.42,155.47
1531,65.18,154.16
1532,67.63,143.94
1533,62.64,141.8
1534,67.37,153.92
1535,71.41,170.43
1536,72.69,166.1
1537,66.9,139.28
1538,67.48,141.19
1539,61.01,131.17
1540,68.91,151.3
1541,62.1,141.51
1542,61.3,150.99
1543,69.04,153.57
1544,65.06,160.58
1545,63.05,140.84
1546,66.83,170.35
1547,68.05,153.69
1548,64.06,153.65
1549,65.03,141.87
1550,65.22,154.84
1551,65.73,161.36
1552,69.01,173.52
1553,66.25,161.32
1554,70.51,147.5
1555,65.73,155.87
1556,66.95,156.61
1557,68.54,149.88
1558,67.88,170.66
1559,63.42,150.15
1560,64.7,147.8
1561,66.69,149.11
1562,65.44,141.04
1563,62.01,148.78
1564,66.63,138.15
1565,66.0,142.05
1566,68.42,166.17
1567,67.51,167.85
1568,58.75,135.61
1569,63.92,134.98
1570,64.76,150.82
1571,62.9,146.6
1572,63.92,150.93
1573,67.97,148.89
1574,65.64,176.75
1575,71.86,163.68
1576,62.23,149.74
1577,64.67,136.25
1578,62.13,153.72
1579,61.2,137.65
1580,66.29,160.35
1581,63.42,146.18
1582,66.4,143.39
1583,65.21,137.08
1584,67.03,138.05
1585,61.81,146.59
1586,63.53,151.8
1587,65.25,154.88
1588,63.26,149.12
1589,65.41,142.1
1590,63.93,161.01
1591,64.04,163.65
1592,62.47,153.88
1593,68.14,155.39
1594,65.2,157.44
1595,64.3,153.56
1596,63.88,132.54
1597,64.21,142.89
1598,59.34,139.28
1599,62.71,138.38
1600,66.49,157.57
1601,65.11,145.95
1602,61.21,152.47
1603,66.32,160.83
1604,60.25,148.67
1605,63.27,159.91
1606,60.86,131.13
1607,64.92,150.26
1608,67.47,154.22
1609,67.38,147.05
1610,63.63,157.89
1611,70.45,171.84
1612,62.98,154.39
1613,63.55,146.64
1614,64.6,149.24
1615,62.35,146.27
1616,68.66,140.29
1617,66.59,145.42
1618,60.86,136.61
1619,74.29,149.87
1620,65.37,150.42
1621,64.48,143.46
1622,69.44,150.31
1623,70.35,168.15
1624,66.1,147.19
1625,63.28,137.71
1626,73.39,175.19
1627,66.12,153.98
1628,70.74,166.53
1629,60.11,123.35
1630,61.79,147.0
1631,67.1,150.92
1632,66.91,148.97
1633,61.56,137.21
1634,65.64,157.12
1635,61.81,151.16
1636,65.89,153.22
1637,59.94,159.08
1638,65.63,165.77
1639,66.96,150.18
1640,64.59,152.83
1641,68.64,166.08
1642,62.5,140.86
1643,63.37,145.45
1644,66.67,173.11
1645,68.8,159.54
1646,65.45,161.08
1647,64.58,151.09
1648,65.76,166.76
1649,73.23,171.05
1650,66.76,139.65
1651,74.9,189.56
1652,68.45,152.86
1653,68.02,143.54
1654,64.93,128.75
1655,68.5,150.03
1656,67.64,160.47
1657,69.4,144.16
1658,64.37,159.74
1659,63.55,160.33
1660,64.48,155.55
1661,70.47,151.42
1662,64.49,142.28
1663,61.96,149.94
1664,69.73,158.75
1665,62.47,144.37
1666,65.4,138.38
1667,68.05,156.49
1668,65.25,152.91
1669,67.57,157.17
1670,65.72,150.53
1671,64.87,148.43
1672,67.12,146.73
1673,66.43,159.42
1674,63.85,162.6
1675,71.06,148.78
1676,65.08,140.73
1677,67.94,155.66
1678,66.99,142.66
1679,63.04,140.36
1680,68.95,159.38
1681,68.73,146.94
1682,65.35,137.19
1683,71.74,158.94
1684,66.21,140.03
1685,69.9,150.81
1686,65.36,151.39
1687,70.95,154.74
1688,57.89,140.22
1689,73.34,196.09
1690,63.77,136.48
1691,63.1,155.94
1692,68.06,142.74
1693,72.6,164.01
1694,67.39,172.13
1695,69.28,159.67
1696,66.12,161.49
1697,66.42,146.77
1698,64.23,144.92
1699,64.53,158.56
1700,73.44,166.57
1701,72.22,179.1
1702,63.33,148.64
1703,69.47,142.25
1704,66.74,150.95
1705,65.64,135.2
1706,72.39,176.95
1707,66.82,144.95
1708,58.15,140.93
1709,68.29,168.33
1710,64.95,154.98
1711,63.23,142.05
1712,69.99,144.57
1713,63.04,157.59
1714,70.07,164.37
1715,70.64,162.91
1716,67.29,138.81
1717,62.37,135.05
1718,64.44,153.48
1719,64.16,149.14
1720,65.29,166.69
1721,68.14,173.64
1722,66.79,170.08
1723,68.72,152.24
1724,63.17,142.8
1725,62.81,146.15
1726,69.87,163.81
1727,66.03,167.04
1728,67.1,167.06
1729,63.44,152.17
1730,64.35,139.52
1731,63.43,134.32
1732,69.44,158.04
1733,67.78,137.59
1734,68.76,180.46
1735,67.4,157.07
1736,69.44,151.17
1737,64.37,131.48
1738,69.22,141.89
1739,64.59,155.12
1740,59.34,129.63
1741,67.84,164.37
1742,67.86,154.96
1743,68.48,167.85
1744,66.5,148.29
1745,68.6,180.37
1746,66.19,154.67
1747,68.11,128.7
1748,67.14,172.2
1749,60.71,137.6
1750,65.42,136.94
1751,70.18,161.55
1752,65.92,162.26
1753,61.3,151.52
1754,63.81,152.65
1755,66.83,150.5
1756,63.37,135.06
1757,70.18,160.93
1758,63.04,153.78
1759,65.97,151.66
1760,65.0,142.76
1761,59.12,127.51
1762,64.72,146.79
1763,64.02,147.09
1764,60.07,136.64
1765,65.93,133.28
1766,62.53,132.94
1767,59.76,136.87
1768,64.98,158.43
1769,67.36,144.89
1770,63.84,146.48
1771,63.96,163.82
1772,69.02,147.63
1773,64.09,146.09
1774,67.19,148.63
1775,55.94,127.63
1776,69.05,153.49
1777,60.41,126.3
1778,63.48,149.17
1779,65.99,149.36
1780,70.33,167.46
1781,64.44,131.01
1782,68.1,153.03
1783,65.88,142.88
1784,68.42,155.89
1785,69.27,153.19
1786,63.64,155.78
1787,67.68,177.39
1788,68.1,142.61
1789,66.69,148.75
1790,65.98,145.27
1791,63.03,135.24
1792,65.76,166.8
1793,69.77,171.96
1794,63.96,142.15
1795,70.13,158.98
1796,62.95,154.87
1797,68.35,148.73
1798,64.3,160.77
1799,65.86,154.53
1800,67.91,182.68
1801,64.95,145.38
1802,58.83,135.68
1803,63.62,142.03
1804,63.58,156.07
1805,69.37,158.2
1806,68.7,162.77
1807,67.2,162.91
1808,69.11,147.39
1809,63.82,145.19
1810,66.37,138.04
1811,64.85,134.59
1812,68.38,152.84
1813,64.31,137.51
1814,66.62,157.62
1815,62.63,151.46
1816,62.65,156.28
1817,66.41,170.0
1818,69.18,154.86
1819,63.87,135.17
1820,66.22,173.51
1821,63.56,157.58
1822,64.78,140.64
1823,63.66,136.58
1824,69.92,158.23
1825,61.94,142.93
1826,66.39,145.81
1827,64.25,158.41
1828,65.54,145.69
1829,67.68,163.19
1830,69.42,161.06
1831,63.63,144.73
1832,64.95,155.81
1833,68.64,170.58
1834,67.45,135.09
1835,67.84,139.8
1836,65.12,165.94
1837,65.06,140.79
1838,67.11,144.49
1839,68.23,168.79
1840,68.73,153.23
1841,63.38,143.55
1842,68.31,161.91
1843,66.23,159.02
1844,61.43,131.67
1845,68.62,171.83
1846,64.69,148.13
1847,68.22,148.08
1848,63.84,132.48
1849,64.64,142.15
1850,67.18,140.68
1851,66.74,154.84
1852,73.22,174.47
1853,64.77,149.21
1854,66.92,153.94
1855,68.47,164.41
1856,64.88,151.85
1857,63.68,140.9
1858,66.81,136.02
1859,67.46,162.93
1860,64.94,159.86
1861,65.44,140.74
1862,66.07,165.23
1863,67.83,160.25
1864,70.94,144.27
1865,66.4,142.49
1866,69.83,164.18
1867,60.8,144.01
1868,71.68,174.77
1869,66.25,169.9
1870,65.2,147.92
1871,64.69,151.95
1872,64.97,150.23
1873,68.1,166.27
1874,66.26,155.67
1875,62.06,142.3
1876,63.06,145.03
1877,65.8,158.05
1878,64.99,171.55
1879,62.84,153.2
1880,63.75,157.78
1881,65.32,159.56
1882,65.33,155.39
1883,66.1,160.55
1884,70.74,165.71
1885,70.72,153.5
1886,67.69,149.67
1887,61.79,164.72
1888,65.67,135.17
1889,65.95,144.1
1890,61.79,140.07
1891,63.98,141.48
1892,62.01,144.56
1893,66.82,158.49
1894,72.4,164.98
1895,67.14,140.89
1896,64.8,144.05
1897,70.07,147.01
1898,65.42,148.5
1899,63.66,141.4
1900,62.76,131.64
1901,65.5,156.26
1902,68.27,152.53
1903,62.81,138.4
1904,63.23,141.98
1905,64.39,164.98
1906,66.33,148.1
1907,62.31,144.41
1908,70.22,170.15
1909,67.78,167.94
1910,63.92,152.65
1911,64.02,164.81
1912,66.89,145.81
1913,64.36,138.14
1914,65.85,147.61
1915,66.97,165.71
1916,61.77,143.99
1917,60.31,143.88
1918,66.06,150.47
1919,58.95,137.57
1920,67.16,130.53
1921,65.47,130.32
1922,64.19,148.73
1923,62.85,144.76
1924,66.48,146.24
1925,69.86,167.36
1926,62.47,146.98
1927,64.8,144.83
1928,66.14,133.2
1929,72.37,172.43
1930,60.14,123.18
1931,61.91,135.35
1932,64.86,142.41
1933,68.19,176.0
1934,67.15,157.4
1935,70.74,167.19
1936,61.51,142.02
1937,63.39,150.19
1938,64.42,141.18
1939,66.21,157.11
1940,59.77,146.08
1941,69.85,153.07
1942,62.38,147.21
1943,64.84,169.97
1944,63.03,144.05
1945,60.4,129.27
1946,68.17,158.57
1947,62.29,136.36
1948,67.51,159.61
1949,70.17,152.56
1950,71.43,169.62
1951,67.63,154.41
1952,63.07,136.67
1953,64.45,155.64
1954,61.25,131.33
1955,66.65,149.05
1956,65.81,147.41
1957,73.67,175.8
1958,67.47,153.55
1959,62.68,130.79
1960,69.22,172.8
1961,67.53,161.76
1962,70.31,157.35
1963,67.64,167.68
1964,64.62,161.78
1965,71.75,165.31
1966,64.95,158.08
1967,64.08,159.5
1968,68.94,143.68
1969,66.85,150.81
1970,65.48,159.4
1971,65.85,166.61
1972,66.96,160.37
1973,65.15,150.6
1974,61.91,156.49
1975,66.89,166.22
1976,66.39,144.04
1977,68.49,159.66
1978,60.64,144.02
1979,66.69,159.77
1980,69.84,174.47
1981,63.52,138.57
1982,73.05,163.5
1983,66.56,153.26
1984,64.83,140.82
1985,64.02,163.39
1986,58.44,155.52
1987,69.23,154.34
1988,67.71,149.12
1989,66.54,163.6
1990,67.48,146.71
1991,66.35,168.78
1992,68.18,148.51
1993,68.42,157.06
1994,61.84,136.74
1995,67.88,169.41
1996,67.91,147.59
1997,61.37,127.72
1998,67.46,149.21
1999,65.33,142.86
2000,62.97,141.88
